explicitness,cleaned,annotation
NOT,"*maar dan komt er een partij die voorstelt om een uitruil te maken: steun in het daklozendossier in ruil voor steun van bij1 op een volkomen ander dossier.* ‚Äòwat we dan doen, is afhankelijk van het voorstel en van welk dossier het betreft. wij kunnen het ons niet veroorloven om tegen onze verkiezingsbelofte in te gaan. wij hebben een kompas en daar dienen we ons aan te houden.‚Äô *zou je met thierry baudet kunnen samenwerken, gesteld dat jullie beiden straks in de kamer zitten?* ‚Äònee, dat is onmogelijk. het kan dat een andere partij een motie indient, en dat zowel forum als bij1 die motie medeondertekent. maar hoe zou ik kunnen samenwerken met een partij die mijn aanwezigheid in dit land ‚Äì en als ik zeg ‚Äúmijn‚Äù dan bedoel ik: mensen zoals ik ‚Äì in twijfel trekt? met fascisten doen wij geen zaken.‚Äô *(tekst loopt door onder afbeelding‚Ä¶)* üì∑ ‚Äòonze taak is emancipatie‚Äô om in de kamer te komen, zal bij1 meer stemmen nodig hebben dan alleen die van de ongeveer 2500 leden en hun grassroots-netwerk, of het smaldeel dat zich bekommert om lhbt-rechten, intersectionaliteit (de combinatie van factoren als gender, ras, klasse, seksualiteit die je leven be√Ønvloeden en hoe die samenwerken, volgens de woordenlijst bij het partijprogramma) en validisme (‚Äòdiscriminatie, stigmatisering en/of uitsluiting van mensen met een lichamelijke en/of verstandelijke beperking en van neurodivergentse mensen‚Äô, volgens diezelfde woordenlijst). de tijd lijkt gunstig, nu ook binnen de gevestigde orde stemmen opgaan voor een ‚Äògreat reset‚Äô. die term sijpelde vanuit davos door naar de nederlandse elite. klaus schwab, de baas van het world economic forum, en prins charles zouden er de geestelijke vaders van zijn. maar pas op: de betekenis van de term ‚Äògreat reset‚Äô muteert sneller dan het coronavirus. zo duikt hij in verschillende landen op tijdens demonstraties tegen de lockdown of andere coronamaatregelen. dan betekent de great reset niet een verlossing maar juist de nekslag die het volk zal worden toegebracht, in de vorm van verplichte vaccinatie, totale overheidscontrole en de chip van bill gates. zelfs het lijsttrekkerschap van sigrid kaag wordt op sociale media getagd als onderdeel van die great reset. ook is er de betekenis die de amerikaanse socioloog richard florida hanteert in zijn boek *the great reset* ‚Äì waarin reset eigenlijk een ander woord is voor crisis, en crisis een ander woord voor nieuwe technologische mogelijkheden. maar de betekenis waarvoor nu momentum lijkt te ontstaan, is die van een brede maatschappelijke hervorming, die eigenlijk zeer in de richting gaat van de ‚Äòradicale gelijkwaardigheid‚Äô uit het verkiezingsprogramma van bij1. in [een videoboodschap](URL bij de lancering van the great reset vanuit het world economic forum oreert prins charles over *‚Äòbold and imaginative action‚Äô* en ook al spreekt hij het woord *‚Äòrevolutionary‚Äô* zo bekakt uit dat het bijna niet is te verstaan, hij zegt het wel. volgens het eerder aangehaalde onderzoek van i&o is de top van bestuurlijk nederland zeer ontvankelijk voor deze gedachte. bestuurders van het scp, het planbureau voor de leefomgeving en allerlei ceo‚Äôs hebben zich al uitgesproken voor zo‚Äôn structurele verandering. >*‚Äò*onze achterban is de meest diverse die je je kan voorstellen. en in de bestuurlijke elite heb ik ook relaties, ik spreek die mensen en we ontvangen steun en input uit die hoek.‚Äô *zijn daar stemmen te behalen voor bij1?* ‚Äòhet is een wijdverbreid misverstand dat de achterban van bij1 een homogeen gezelschap van bijvoorbeeld alleen maar zwarte mensen is. onze achterban is de meest diverse die je je kan voorstellen. en in de bestuurlijke elite heb ik ook relaties, ik spreek die mensen en we ontvangen steun en input uit die hoek.‚Äô *kun je daar voorbeelden van geven?* met een glimlach: ‚Äònee.‚Äô *begrijp ik hieruit dat de bestuurlijke elite deels ook binnen de achterban van bij1 valt?* ‚Äòik weet niet of er veel mensen uit de bestuurlijke elite op ons zouden stemmen, maar het sentiment dat het anders moet, wordt wel ondersteund en wij zijn de enige partij op links die ook pleit voor systeemverandering. dus wij hebben baat bij een klimaat van veranderende inzichten binnen het bedrijfsleven, het maatschappelijk middenveld en de intellectuele elite. maar iedere nederlander is onze doelgroep.‚Äô *leert het handboek campagnevoeren niet dat de doelgroep specifieker gekozen moet worden dan dat?* ‚Äòwe hebben duidelijke doelgroepen. maar wat dat handboek betreft: je vraag doet me denken aan een moment toen ik aan mijn tv-carri√®re begon. de programmaleider die mij aannam, vroeg me om een papier te ondertekenen dat ik een bepaald aantal jaren hetzelfde uiterlijk zou behouden. dat stond namelijk in het handboek tv. ik wilde dat absoluut niet. vervolgens werd mijn handelsmerk juist het feit dat ik zo vaak van uiterlijk veranderde.‚Äô ‚Äònu wat deze campagne betreft: we kennen ons ledenbestand, en de enorme demografische breedte daarvan. wij zijn er niet voor d√© boer, d√© ondernemer of d√© kunstenaar. wij denken dat we goed kunnen doen voor boeren omdat we idee√´n hebben over hoe duurzame landbouw eruit moet zien, maar we hebben ook idee√´n over de belangrijke plek die kunstenaars in onze samenleving verdienen.‚Äô ‚Äònatuurlijk is er een specifieke groep die zich juist bij ons prettig voelt omdat wij spreken over hoe het voelt om meerdere identiteiten bij je te dragen. maar het is niet zo dat wij doelgroepen uitsluiten.‚Äô >‚Äòonze doelgroep is iedereen die wordt geraakt door sociaal beleid, iedereen die inziet dat het beter kan. of diegene nou wit, zwart of bruin, jong of oud is.‚Äô *in het strategische overleg binnen de partij hebben jullie het er dus niet over gehad dat in die bovenlaag van de elite wordt gesproken over een great reset, en of het zinvol zou zijn om, ik verzin maar wat, het verhaal van bij1 eens te gaan neerleggen bij de quote500?* ‚Äòde mensen die wij vertegenwoordigen kunnen er niet op vertrouwen dat *the master‚Äôs tool will dismantle the master‚Äôs house*,‚Äô citeert simons de caribisch-amerikaanse schrijfster audre lorde. ‚Äòals shell aankondigt dat het van nu af aan alles duurzaam gaat doen, zullen wij niet meteen zeggen: o wat is dat tof, bedankt. we kunnen er helaas niet op vertrouwen. laat het maar zien. onze taak is emancipatie. om die reden zijn wij ook opgestapt uit de gesprekken over het klimaatakkoord. we zagen daar wat er gebeurt als je de ontwerpers van een niet werkend systeem op basis van datzelfde systeem iets nieuws laat ontwerpen. dan wordt het er dus niet beter op. tegen die bestuurlijke elite met de wens om te veranderen zeg ik: *show me the money.* eerst zien, dan geloven. het is gewoon niet de doelgroep waar onze focus op ligt.‚Äô *nogmaals: op welke doelgroep ligt die focus wel?* ‚Äòop iedereen die wordt geraakt door het sociale beleid, iedereen die inziet dat het beter kan. of diegene nou wit, zwart of bruin, jong of oud is. wij krijgen vaak het verwijt dat we op identiteit spelen, maar het gaat over ideologie.‚Äô *(tekst loopt door onder afbeelding‚Ä¶)* üì∑ menswaardigheid in de boekenkast achter simons zijn op het korrelige beeld alleen de vetst gedrukte titels waarneembaar. *oprah* is het duidelijkst leesbaar. simons heeft haar bewondering voor haar nooit onder stoelen of banken gestoken. de memoires van obama zijn ook niet te missen.",NOT
NOT,echt een stel aso's. zomaar weglopen ... wel leuk om s te doen tijdens een telefoon gesprek zomaar op te hangen.,OFFENSIVE
NOT,in het binnenland komt er niet veel beters uit hoor.,OFFENSIVE
NOT,even kort: de term 'marokkanenverdelgers' is nooit gebruikt: URL,NOT
NOT,joe joe,NOT
NOT,"geen ""doei""?",NOT
NOT,"kan je dit verder toelichten? ik sta niet negatief tegen een socialistisch geluid in de kamer, omdat dit juist perspectief in het debat toevoegt (het zou saai zijn als alle partijen het op alle punten eens zijn), maar ik zie nou niet direct het voordeel in van een anti-kapitalitische partij boven die van sociaal-democratische partijen. ben oprecht erg benieuwd naar jouw invalshoek.",NOT
NOT,hoe dan? toen ik amsterdam werkte ben ik geloof ik nooit iemand tegengekomen die haar goed vond.,OFFENSIVE
NOT,"vooral de term anti-imperialisme gebruiken vond ik erg dubieus, vooral toen die toch wel wat meer dan een keer werd gebruikt. ook haal ik mijn neus op van 5 volle pagina's en een flink aantal punten op andere pagina's over palestina/isra√´l. mag iedereen over denken wat ze willen en best een punt van maken in het programma maar dat slaat echt alles, je wil een zetel in nederland en niet in palestina dus fixeer je er niet op. ook fixeren ze op andere onderwerpen naar mijn idee totaal op de verkeerde plek. de klimaatcrisis wordt over kolonialisme gemaakt. speelt wellicht een rol en ongelijkheid tussen landen is hierin een echt probleem maar ""witte instituties"" really? een flink aantal van de punten zit gewoon heel diep in het bij1 denken waar ik het lang niet altijd mee eens ben en ze de focus echt totaal verkeerd hebben zitten op veel onderwerpen. ze maken lang niet altijd slechte argumenten maar slaan de plank soms ook volledig mis naar mijn idee. combineer dat met een naar mijn idee vaag wereldbeeld en je hebt wel echt een flinke nee.",OFFENSIVE
NOT,"nouja, telegraaf-journo's krijgen ook betaald maar daar is niemand echt over te spreken, en als je kijkt naar de correspondent bijvoorbeeld, dan is crowdfunded journalistiek ook niet alles.",OFFENSIVE
NOT,"yup, en die kreeg toen in plaats van ridicule, een kogel.",NOT
NOT,"jaa ligt er aan bij wie denk ik. mijn beide ouders zijn brabants. zei zeggen ook hajje (kan ook komen omdat ze nu 25 jaar in limburg wonen) en tegen mijn familie, ook allemaal brabants zeg ik ook gewoon hajje. wist niet dat het gek klonk tot de familie van mijn vriend dat constant zei.",NOT
NOT,niet als het aan mijn stem ligt.,NOT
NOT,"ik heb in drente ook nog nooit iemand ""'t goei"" horen zeggen. hoe kom je erbij dat men dit soort dingen als afscheidsgroet zou zeggen op?",NOT
NOT,"jij hebt je prioriteiten lekker op orde: immigranten, kaas en kosten van je mobiele data. de rest, meh.",OFFENSIVE
NOT,"maar jij spuwt geen retoriek die ook gebezigd wordt door neo nazis en hebt ook geen foute vriendjes die tevens in die hoek zitten. ik ben het eens dat breed studeren goed is, en dat boeken *an sich* geen probleem vormen. maar als je je dan ook in dat wereldje begeeft, verandert het naar een rode vlag.",OFFENSIVE
NOT,"een speciaal zebrapad als aandachttrekkerij is natuurlijk niet hetzelfde als overal gescheiden zebrapaden. als je in een moeilijke situatie zit is het altijd fijn om steun te krijgen van de omgeving. alleen in dit geval omdat vrijwel iedereen in de politiek op bekrompen partijen als denk, cu en sgp na het al met acceptatie van homoseksualiteit eens. dus het voelt dan mijn inziens een beetje goedkoop dat bedrijven en politieke partijen nu pas met al hun publieke symbolische steun komen. wat de politiek van ons vindt is trouwens veel minder belangrijk dan wat de bevolkings vindt. en daar heeft acceptatie (niet tolerantie) nog een lange weg te gaan, en ik betwijfel of een trans- of gaybrapad echt gaat helpen.",OFFENSIVE
NOT,"nee, helemaal niet, maar doen alsof het allemaal niet zo erg was is het andere uiterste.",NOT
NOT,">best een goed stuk, alleen is dit: >>maar ik moet de eerste journalist die daar naar vraagt of hier over schrijft nog tegenkomen. dit was geschreven voor afgelopen uitzending.",NOT
NOT,precies; het is ook winterswijk,NOT
NOT,"> bij gelijke behandeling zou je dan dus ook verwachten dat er 6x zoveel gekleurde verdachten tijdens/na die arrestatie omkomen, of als ze ruwer worden behandeld een getal hoger dan 6. zes keer is behoorlijk hoog, vind je niet? er zijn immers veel minder marokkanen en antillianen in nederland dan nederlanders. je berekening houdt geen rekening met de samenstelling van verdachten. een andere optie is de aantallen onder de algemene bevolking in plaats van percentage binnen specifieke herkomstgroep. in jouw woorden: ""als we het puur hebben over de behandeling tijdens een arrestatie en of die voor verschillende groepen gevaarlijker zou zijn, moet je ook de totale hoeveelheid arrestaties erbij hebben."" [de absolute aantallen en frequenties per achtergrond van de verdachten van 2019 vind je hier](URL daarbij zie je dat ongeveer de helft van alle verdachten een nederlandse achtergrond heeft. breng je die aantallen in verhouding met het aantal inwoners met een speciefieke achtergrond, dan krijg je de cbs-cijfers die jij linkt. edit: het kan ook met een gedachte-experiment. op basis van beide cbs-cijfers, wat is de kans dat een willekeurige verdachte een niet-nederlandse achtergrond heeft?",NOT
NOT,"het gevaar van het importeren van hun retoriek is dat je riskeert ook hun gedachtengang en promotie van segregatie te importeren. [URL die term is streng verwoven met de geschiedenis, problematiek in de vs en de social justice movement. die term draagt de racial divide tussen al wie blank is en al wie niet blank is met zich mee. wilt men dit ook importeren? overnemen van hun terminologie is niet nodig om een vergelijking te maken.",NOT
NOT,wat is nou eigelijk je punt? het is toch juist goed dat we in nederland ditsoort onderzoeken doen om te voorkomen dat ons land zo verrot wordt als amerika?,OFFENSIVE
NOT,"gewoon duits dus. ""tsch√ºss"" :)",NOT
NOT,"best wel goed stuk? man, man, man, de totale vooringenomenheid valt je niet op?",OFFENSIVE
OFFENSIVE,"de arena bestaat dan ook uit een stukje vinexwijk met een hoop polders er om heen. iedereen ziet alle andere kandidaten want er is nergens waar je je kan verschuilen. het wordt gepresenteerd door jan smit en gordon en hoewel mensen konden accepteren dat kinderen doodgaan, ging dat toch te ver. een revolutie was niet nodig, na lang polderen kwam er een compromis uit waarbij niemand echt tevreden was.",OFFENSIVE
OFFENSIVE,bij de mannen komt het omdat die zich verhoudingsgewijs meer bezig houden met criminele activiteiten dan vrouwen.,NOT
OFFENSIVE,"> daarnaast, hij is aan de schandpaal genageld en zal nooit meer een publieke functie kunnen bekleden. eh, daar zou ik geen geld op zetten als ik jou was.",OFFENSIVE
OFFENSIVE,"baudet komt nog steeds op mij over als iemand die zelf geen woord van wat 'ie zegt gelooft - die heel effectief op bepaalde emoties inspeelt om mensen achter zich te scharen voor zijn eigen gewin. heb ik daadwerkelijke feiten om dit ook maar enigszins te onderbouw? nou nee, maar hij komt op mij over als de meest ongeloofwaardige man ooit.",OFFENSIVE
OFFENSIVE,en de atoombommen zijn gewoon hun gammele kerncentrales,OFFENSIVE
OFFENSIVE,"> 'people of color'. ja joh, laten we het denken in racistische kaders ook maar importeren uit de vs. goed idee om dat in nederland te introduceren. clowns. als er een respectvolle manier is om een grote groep mensen aan te spreken vind ik het in het beginsel niet raar om daar gebruik van te maken. beter dan het hebben over *""die zwart'n""* of *""roetkoppen""* of *""negers""*, vind je niet? ik vind het een rare reactie van je. het is niet aan jou om te beslissen welke termen wel en niet respectvol zijn. de zwarte gemeenschap heeft buiten afrika vaak met dezelfde soort racistische problematiek te maken, dus is het ook niet gek als zwarte activisten uit verschillende landen met elkaar in communicatie staan en gebruikstermen van elkaar overnemen. dat het een beetje een anglicisme is laten we maar voor wat het is.",OFFENSIVE
OFFENSIVE,"dit is een paar keer in de verenigde staten voorgekomen. blanke afrikanen die geen beurs kregen omdat ze niet zwart zijn, ondanks dat het een beurs is voor afrikanen. maar in de vs zijn er blanke en zwarte universiteiten. gelukkig hebben we dat hier niet.",NOT
OFFENSIVE,"in amerika kan geert natuurlijk alles zeggen; zij weten toch niet dat zelfs als de pvv de verkiezing wint, geert nooit een meerderheid bij elkaar kan sprokkelen.",NOT
OFFENSIVE,"het feit dat je op basis van drie woorden al een oordeel velt over hoe jij denkt dat ik denk is een beetje, nou ja, vul zelf maar aan. ik kan alleen maar uit mijn eigen ervaring en observatie spreken, dus ik hoed me voor grote theorieen en algemene verklaringen over wat wel of niet de norm is. dat laat ik aan sociologen over. tenzij je met die persoon naar bed gaat, is er niks te 'apprecieren' aan homoseksualiteit of seksuele voorkeur op zich, dus natuurlijk accepteer je die persoon en niet louter het gegeven van diens seksualiteit. en ik zie in mijn omgeving niemand die niet als persoon geaccepteerd wordt omwille van zijn of haar homoseksualiteit. verder vindt jij natuurlijk wat je vindt en doe ik hetzelfde.",NOT
OFFENSIVE,fantastisch beargumenteerd & betoogd. ik heb net de aflevering van pauw & jinek terug gekeken en ik kreeg echt een **hele** nare nasmaak van baudet's opmerking. maar nog steeds niet genoeg om hem dat ene label te geven. want hij kwam er volgens mij wel van terug. ik zou zeggen houd baudet goed in de gaten en bekritiseer zijn argumenten. gebruik het vrije woord om hem te bestrijden mocht jij dat zo nodig achten. ik ben van mening dat jij daar vast heel goed in zal zijn. :),NOT
OFFENSIVE,oh de menselijkheid!,NOT
OFFENSIVE,"> dat heeft baudet gisteravond zelf al gedaan, maar misschien heb je het gemist tussen al die aanvallen op zijn karakter in plaats van op zijn programma. nope, niks gemist, kun je anders de precieze timestamp geven? hier is [een kopie van de uitzending op youtube](URL liever heb ik dat je het in je eigen woorden uit kunt leggen, maar ik begrijp dat voor jullie vrijheid van meningsuiting van belang is, omdat het ervoor zorgt dat jullie zelf niet meer na hoeven te denken.",OFFENSIVE
OFFENSIVE,"het probleem is dan ook dat er niet en zelfs nooit naar hen geluisterd wordt/werd, waardoor ze dreigden met geen respect tonen. mensen blijven aangeven dat er andere manieren zijn, onwetend over dat ook die wegen al lang waren geprobeerd. door juist de conservatieve mentaliteit van ""onze tradities"" is het zo ver gekomen. juist omdat er geen verandering in kwam. de blinde hypocriete traditie moet een keer veranderen, maar het wil maar niet veranderen door o.a. de centristen die het wel begrijpen maar vinden dat er andere manieren gebruikt moeten worden. vervolgens ook bij die manieren een lulsmoes bedenken waarom dat niet zou kunnen. op den duur gaat men naar extremere vormen zoeken, die effectief zullen zijn (wat wel gebleken is). een beetje hetzelfde principe als dat je je verzet tegen de hoogmoedige kolonisator door iets totaal anders te doen dan zij opdraagt.",OFFENSIVE
OFFENSIVE,"ik kan in nederland al vier burgemeesters noemen die ik eerder op die longlist zou zetten. en het is dat ik al die brabantse burgemeesters die bewaking nodig hebben om hun strijd tegen drugscriminaliteit niet bij naam ken, anders waren het een stuk meer dan vier.",NOT
OFFENSIVE,meeste studentenverenigingen zijn idd een beetje old boys networks. maar als niet-blank persoon kom je er gewoon no problem bij. denk dat er toch weinig allochtonen bij zitten vanwege de toch wel typerende cultuur die er heerst en dat misschien ouders/familie er problemen mee hebben?,NOT
OFFENSIVE,"vergrootglas dat moment vond plaats voor het oog van de natie, tijdens een uitzending van dwdd op 13 mei 2015. simons was tafeldame, toen nog in de hoedanigheid van tv-presentatrice, en trof tegenover zich knuffel-tsjech martin simek. de vluchtelingencrisis bevond zich op dat moment op een dieptepunt, en simek ageerde tegen de ‚Äòvesting europa‚Äô die alle legale toegangswegen voor de wanhopigen had afgesloten. vanuit zijn huis aan de kust van calabri√´ zag hij daar de gevolgen van: bootvluchtelingen in steeds groteren getale, die door simek ‚Äì noblesse oblige ‚Äì werden ‚Äòomhelsd‚Äô als hij de kans kreeg. hij duidde ze aan als ‚Äòdie zwartjes‚Äô. toen simons hem onderbrak met de vraag ‚Äòmet welke intentie‚Äô hij dat woord gebruikte, raakte simek geagiteerd op een manier die moeilijk te rijmen viel met zijn reputatie van hoffelijkheid en empathie. achteraf bezien bevat het tumultueuze fragment alle voortekenen van hoe verhit de gemoederen in nederland sindsdien zijn geraakt in de discussie over kolonialisme, zwarte piet en black lives matter. de handkus die simek aan het einde van het gesprek aan simons gaf, was wellicht het laatste verzoenende gebaar dat in die context is gemaakt. simons kreeg steun voor haar optreden, maar tegelijkertijd sprong in de reacties het deksel van wat lodewijk asscher later een ‚Äòbeerput‚Äô van racisme zou noemen. die put begon vervolgens echt te walmen toen simons aankondigde dat ze de politiek in ging, in eerste instantie op uitnodiging van denk. alsof het lied ‚Äòoh sylvana (waarom pak jij je koffers niet)‚Äô van zichzelf nog niet walgelijk genoeg was (‚Äòkan jij niet emigreren, het is met jou echt kut met peren‚Äô) verscheen op internet al snel een clip waarin de muziek was aangevuld met gemonteerde beelden van simons opgehangen aan een boom. *gaat er in de haagse arena niet weer hard op jouw hart worden gestampt?* ‚Äòach, we gaan gewoon keihard werken om te laten zien dat we serieus zijn. juist omdat wij altijd door zo‚Äôn vergrootglas worden bekeken, kunnen we ons geen enkel foutje veroorloven ‚Äì al gaan we ze natuurlijk wel maken.‚Äô >‚Äòalles wat ik doe voor dit land, doe ik √≥√≥k voor de mensen die ik in de rechtszaal trof omdat ze mij op sociale media niet zo netjes hadden bejegend.‚Äô *de fout kan al zitten in de toon die je aanslaat aan de interruptiemicrofoon.* ‚Äòzo lang je niet tegen mensen staat te schreeuwen dat ze ziek in hun hoofd zijn‚Ä¶ zo‚Äôn toon zal ik nooit aanslaan. maar ik weet dat welke toon we ook aanslaan, hij ergens verkeerd zal vallen. we zullen ons moeten vasthouden aan onze eigen integriteit. mijn vader zei ooit tegen mij dat ik twee keer zo hard moet werken als een ander, omdat ik een zwart meisje ben. dat geldt ook voor bij1. wij werken dubbel zo hard voor de helft van de waardering.‚Äô ‚Äòmaar dat is bijzaak. alles wat ik doe voor dit land, doe ik √≥√≥k voor de mensen die ik in de rechtszaal trof omdat ze mij op sociale media niet zo netjes hadden bejegend. ook voor hen wil ik een eerlijk onderwijsadvies als hun elfjarige naar de middelbare school gaat. we moeten ook houden van degenen die niet van ons houden. je hoeft ze niet met liefde te bestrooien en om liefde terug te smeken, maar ook zij hebben recht op een rechtvaardige behandeling.‚Äô *waar zit jouw netwerk in den haag?* ‚Äòik heb geen haags netwerk, en daar ben ik ook wel blij om. bij1 is niet gekomen om het spel mee te spelen, maar om de spelregels te veranderen.‚Äô *is bij1 een revolutionaire partij?* ‚Äòabsoluut! in alle opzichten. nuttige relaties met gevestigde organisaties zoals de vakbonden proberen we wel te onderhouden en in te zetten voor ons verhaal. maar niet om te reproduceren wat anderen al reproduceren.‚Äô *de nederlandse politiek is compromissen sluiten. behoort dat voor jou ook tot de mogelijkheden?* ‚Äòcompromissen sluiten is niet per se hetzelfde als overeenstemming vinden of samenwerken. compromissen sluiten heeft de associatie van water bij de wijn doen. ik denk dat je ook kunt samenwerken op basis van je *end game*. als twee partijen allebei het daklozenprobleem willen oplossen, een groeiend en onmenselijk probleem in nederland, dan kan je met elkaar in gesprek gaan over wat tot die oplossing kan leiden.‚Äô",OFFENSIVE
OFFENSIVE,"jemig, die meme heb ik lang niet meer gezien. jij bent slowpoke zeker?",OFFENSIVE
OFFENSIVE,> zegtie > idioote,OFFENSIVE
OFFENSIVE,"yuppen die in amsterdam werken en (soms) wonen, totaal geen binding hebben met de stad en dankzij cultureel elitisme geen kritiek durven te uiten op iets wat met groenlinks te maken heeft.",OFFENSIVE
OFFENSIVE,"best een goed stuk, alleen is dit: > maar ik moet de eerste journalist die daar naar vraagt of hier over schrijft nog tegenkomen. nu wel achterhaald. pauw en jinek deden het goed gisteren. met name toen hij begon over het contract dat volgens hem moslims zouden moeten ondertekenen om aan te tonen dat ze geen gevaar voor de samenleving zouden zijn, begonnen ze door zijn onzin heen te prikken. ze lieten de uitspraak over homeopathische vermenging van het nederlandse volk zien, en gingen er uitgebreid op in. het is werkelijk ongelofelijk dat hij deed alsof hij niet doorhad dat het een dog-whistle van jewelste was, en dat lieten alle gasten aan tafel hem ook haarfijn weten. ze dwongen hem om zijn woorden terug te nemen, maar het was ondertussen ook duidelijk dat hij dat niet wilde. ik heb op de bekende forums gekeken, en daar werd de schuld weer gelegd bij het mediakartel. want jinek en pauw werken samen met den haag om buitenstaanders erbuiten te houden, en de macht van de 5 partijen die stiekem 1 zijn (in het geheim is volgens baudet nederland eigenlijk een dictatuur, een √©√©n-partij-staat) overeind te houden. ik vind het erg gevaarlijk, en heb er erngstig schrik van, dat dit soort figuren een enorme aanhang hebben hier, en dat over hem gezegd wordt dat hij ""een goed uitgewerkt programma met goede inhoudelijke argumenten heeft"".",OFFENSIVE
OFFENSIVE,"tja, niks is nou eenmaal leuker om te horen dan dat alles de schuld van iemand anders is en jij alles goed doet.",OFFENSIVE
OFFENSIVE,"ja, je hebt een punt. wetend wat wij nu weten is het verstandig om baudet extra goed in de gaten te houden. het enige waar wij hem over kunnen bekritiseren zijn zijn woorden & zijn daden. laten we dat vooral gaan doen.",OFFENSIVE
OFFENSIVE,"hebben mensen √ºberhaupt respect voor mensen die aandacht vragen? luisteren mensen als je positieve manieren gebruikt? als je flyers uitdeelt op straat, worden die in het beste geval in de eerste de beste prullenbak gesmeten. als je een brief schrijft naar zo'n organisatie doen ze er weinig mee; ""want het speelt niet echt onder de bevolking, h√®"" (dus ben je eigenlijk maar een enkele zeurkous). bedenk zelf een andere ""positieve manier"" en bedenk hoe jijzelf en de meeste anderen op zoiets zou reageren. niet, waarschijnlijk. de meeste mensen zullen het negeren, ""wat een gelul, aanstellerij"" denken ze. spijtig genoeg zitten we nou eenmaal zo in elkaar dat als je op een positieve manier iets wil bereiken dat niemand naar je luistert en als je het op een negatieve manier doet ben je een eikel. jammer genoeg krijgen de eikels wel dingen voor elkaar. of zij een ""positieve"" manier geprobeerd hebben weet ik niet, ik denk niet dat het veel had uitgemaakt.",OFFENSIVE
OFFENSIVE,"ik zou haast zeggen, ik hoop het: dan kan hij laten zien wat hij waard is, dat hij w√©l kan samenwerken met andersdenkende partijen, 'bruggen kan bouwen' tussen verschillende groepen, en een waardig premier zijn voor *alle* nederlanders, niet alleen de roomblanke. dan komt hij er niet meer vanaf met goedkoop populisme.",OFFENSIVE
OFFENSIVE,heb zelf niet zoveel van het partijprogramma gelezen maar was zelf eerder positief verrast. op welke vage idee√´n doel je? ben vooral benieuwd omdat sylvana zelf haar punten vaak redelijk goed weet te verdedigen.,NOT
